--
-- File generated with SQLiteStudio v3.0.6 on Вт сен 29 16:06:57 2015
--
-- Text encoding used: windows-1251
--
PRAGMA foreign_keys = off;
BEGIN TRANSACTION;

-- Table: figure
CREATE TABLE figure (id INT UNIQUE PRIMARY KEY, name VARCHAR (30), patch VARCHAR (300), color INT);
INSERT INTO figure (id, name, patch, color) VALUES (12, 'король черный', 'king-b.png', 1);
INSERT INTO figure (id, name, patch, color) VALUES (1, 'пешка белая', 'peshka-w.png', 0);
INSERT INTO figure (id, name, patch, color) VALUES (2, 'ладья белая', 'ladia-w.png', 0);
INSERT INTO figure (id, name, patch, color) VALUES (3, 'конь белый', 'horse-w.png', 0);
INSERT INTO figure (id, name, patch, color) VALUES (4, 'слон белый', 'slon-w.png', 0);
INSERT INTO figure (id, name, patch, color) VALUES (5, 'ферзь белый', 'ferz-w.png', 0);
INSERT INTO figure (id, name, patch, color) VALUES (6, 'король белый', 'king-w.png', 0);
INSERT INTO figure (id, name, patch, color) VALUES (7, 'пешка черная', 'peshka-b.png', 1);
INSERT INTO figure (id, name, patch, color) VALUES (8, 'ладья черная', 'ladia-b.png', 1);
INSERT INTO figure (id, name, patch, color) VALUES (9, 'конь черный', 'horse-b.png', 1);
INSERT INTO figure (id, name, patch, color) VALUES (10, 'слон черный', 'slon-b.png', 1);
INSERT INTO figure (id, name, patch, color) VALUES (11, 'ферзь черный', 'ferz-b.png', 1);

-- Table: hod
CREATE TABLE hod (hod INTEGER);
INSERT INTO hod (hod) VALUES (1);

-- Table: chess_desc
CREATE TABLE chess_desc (x INT (11) DEFAULT NULL, y INT (11) DEFAULT NULL, id_figure INT (11) DEFAULT NULL, id INTEGER UNIQUE);
INSERT INTO chess_desc (x, y, id_figure, id) VALUES (1, 2, 1, 1);
INSERT INTO chess_desc (x, y, id_figure, id) VALUES (2, 4, 1, 2);
INSERT INTO chess_desc (x, y, id_figure, id) VALUES (3, 2, 1, 3);
INSERT INTO chess_desc (x, y, id_figure, id) VALUES (4, 4, 1, 4);
INSERT INTO chess_desc (x, y, id_figure, id) VALUES (5, 4, 1, 5);
INSERT INTO chess_desc (x, y, id_figure, id) VALUES (6, 2, 1, 6);
INSERT INTO chess_desc (x, y, id_figure, id) VALUES (7, 4, 1, 7);
INSERT INTO chess_desc (x, y, id_figure, id) VALUES (1, 1, 2, 9);
INSERT INTO chess_desc (x, y, id_figure, id) VALUES (8, 1, 2, 10);
INSERT INTO chess_desc (x, y, id_figure, id) VALUES (2, 1, 3, 11);
INSERT INTO chess_desc (x, y, id_figure, id) VALUES (4, 1, 6, 13);
INSERT INTO chess_desc (x, y, id_figure, id) VALUES (4, 8, 5, 14);
INSERT INTO chess_desc (x, y, id_figure, id) VALUES (3, 1, 4, 15);
INSERT INTO chess_desc (x, y, id_figure, id) VALUES (1, 7, 7, 17);
INSERT INTO chess_desc (x, y, id_figure, id) VALUES (2, 6, 7, 18);
INSERT INTO chess_desc (x, y, id_figure, id) VALUES (3, 5, 7, 19);
INSERT INTO chess_desc (x, y, id_figure, id) VALUES (4, 6, 7, 20);
INSERT INTO chess_desc (x, y, id_figure, id) VALUES (5, 6, 7, 21);
INSERT INTO chess_desc (x, y, id_figure, id) VALUES (6, 7, 7, 22);
INSERT INTO chess_desc (x, y, id_figure, id) VALUES (7, 7, 7, 23);
INSERT INTO chess_desc (x, y, id_figure, id) VALUES (8, 6, 7, 24);
INSERT INTO chess_desc (x, y, id_figure, id) VALUES (1, 8, 8, 25);
INSERT INTO chess_desc (x, y, id_figure, id) VALUES (8, 8, 8, 26);
INSERT INTO chess_desc (x, y, id_figure, id) VALUES (7, 8, 9, 28);
INSERT INTO chess_desc (x, y, id_figure, id) VALUES (6, 8, 10, 30);

-- Table: move
CREATE TABLE `move` (
	`id_figure` INT(11) NULL DEFAULT NULL,
	`move_x` INT(11) NULL DEFAULT NULL,
	`move_y` INT(11) NULL DEFAULT NULL,
	`movement_id` INT(11) NULL DEFAULT NULL,
	`sort` INT(11) NULL DEFAULT NULL
);
INSERT INTO move (id_figure, move_x, move_y, movement_id, sort) VALUES (4, 8, 8, 2, 8);
INSERT INTO move (id_figure, move_x, move_y, movement_id, sort) VALUES (5, 8, 8, 18, 8);
INSERT INTO move (id_figure, move_x, move_y, movement_id, sort) VALUES (10, 8, 8, 24, 8);
INSERT INTO move (id_figure, move_x, move_y, movement_id, sort) VALUES (11, 8, 8, 27, 8);
INSERT INTO move (id_figure, move_x, move_y, movement_id, sort) VALUES (2, 8, 0, 8, 8);
INSERT INTO move (id_figure, move_x, move_y, movement_id, sort) VALUES (8, 8, 0, 18, 8);
INSERT INTO move (id_figure, move_x, move_y, movement_id, sort) VALUES (5, 8, 0, 17, 8);
INSERT INTO move (id_figure, move_x, move_y, movement_id, sort) VALUES (11, 8, 0, 30, 8);
INSERT INTO move (id_figure, move_x, move_y, movement_id, sort) VALUES (11, 8, -8, 26, 8);
INSERT INTO move (id_figure, move_x, move_y, movement_id, sort) VALUES (10, 8, -8, 25, 8);
INSERT INTO move (id_figure, move_x, move_y, movement_id, sort) VALUES (5, 8, -8, 16, 8);
INSERT INTO move (id_figure, move_x, move_y, movement_id, sort) VALUES (4, 8, -8, 3, 8);
INSERT INTO move (id_figure, move_x, move_y, movement_id, sort) VALUES (4, 7, 7, 2, 7);
INSERT INTO move (id_figure, move_x, move_y, movement_id, sort) VALUES (10, 7, 7, 24, 7);
INSERT INTO move (id_figure, move_x, move_y, movement_id, sort) VALUES (5, 7, 7, 18, 7);
INSERT INTO move (id_figure, move_x, move_y, movement_id, sort) VALUES (11, 7, 7, 27, 7);
INSERT INTO move (id_figure, move_x, move_y, movement_id, sort) VALUES (2, 7, 0, 8, 7);
INSERT INTO move (id_figure, move_x, move_y, movement_id, sort) VALUES (11, 7, 0, 30, 7);
INSERT INTO move (id_figure, move_x, move_y, movement_id, sort) VALUES (5, 7, 0, 17, 7);
INSERT INTO move (id_figure, move_x, move_y, movement_id, sort) VALUES (8, 7, 0, 18, 7);
INSERT INTO move (id_figure, move_x, move_y, movement_id, sort) VALUES (5, 7, -7, 16, 7);
INSERT INTO move (id_figure, move_x, move_y, movement_id, sort) VALUES (10, 7, -7, 25, 7);
INSERT INTO move (id_figure, move_x, move_y, movement_id, sort) VALUES (11, 7, -7, 26, 7);
INSERT INTO move (id_figure, move_x, move_y, movement_id, sort) VALUES (4, 7, -7, 3, 7);
INSERT INTO move (id_figure, move_x, move_y, movement_id, sort) VALUES (11, 6, 6, 27, 6);
INSERT INTO move (id_figure, move_x, move_y, movement_id, sort) VALUES (5, 6, 6, 18, 6);
INSERT INTO move (id_figure, move_x, move_y, movement_id, sort) VALUES (10, 6, 6, 24, 6);
INSERT INTO move (id_figure, move_x, move_y, movement_id, sort) VALUES (4, 6, 6, 2, 6);
INSERT INTO move (id_figure, move_x, move_y, movement_id, sort) VALUES (5, 6, 0, 17, 6);
INSERT INTO move (id_figure, move_x, move_y, movement_id, sort) VALUES (11, 6, 0, 30, 6);
INSERT INTO move (id_figure, move_x, move_y, movement_id, sort) VALUES (2, 6, 0, 8, 6);
INSERT INTO move (id_figure, move_x, move_y, movement_id, sort) VALUES (8, 6, 0, 18, 6);
INSERT INTO move (id_figure, move_x, move_y, movement_id, sort) VALUES (10, 6, -6, 25, 6);
INSERT INTO move (id_figure, move_x, move_y, movement_id, sort) VALUES (4, 6, -6, 3, 6);
INSERT INTO move (id_figure, move_x, move_y, movement_id, sort) VALUES (5, 6, -6, 16, 6);
INSERT INTO move (id_figure, move_x, move_y, movement_id, sort) VALUES (11, 6, -6, 26, 6);
INSERT INTO move (id_figure, move_x, move_y, movement_id, sort) VALUES (11, 5, 5, 27, 5);
INSERT INTO move (id_figure, move_x, move_y, movement_id, sort) VALUES (10, 5, 5, 24, 5);
INSERT INTO move (id_figure, move_x, move_y, movement_id, sort) VALUES (5, 5, 5, 18, 5);
INSERT INTO move (id_figure, move_x, move_y, movement_id, sort) VALUES (4, 5, 5, 2, 5);
INSERT INTO move (id_figure, move_x, move_y, movement_id, sort) VALUES (11, 5, 0, 30, 5);
INSERT INTO move (id_figure, move_x, move_y, movement_id, sort) VALUES (5, 5, 0, 17, 5);
INSERT INTO move (id_figure, move_x, move_y, movement_id, sort) VALUES (8, 5, 0, 18, 5);
INSERT INTO move (id_figure, move_x, move_y, movement_id, sort) VALUES (2, 5, 0, 8, 5);
INSERT INTO move (id_figure, move_x, move_y, movement_id, sort) VALUES (5, 5, -5, 16, 5);
INSERT INTO move (id_figure, move_x, move_y, movement_id, sort) VALUES (4, 5, -5, 3, 5);
INSERT INTO move (id_figure, move_x, move_y, movement_id, sort) VALUES (10, 5, -5, 25, 5);
INSERT INTO move (id_figure, move_x, move_y, movement_id, sort) VALUES (11, 5, -5, 26, 5);
INSERT INTO move (id_figure, move_x, move_y, movement_id, sort) VALUES (11, 4, 4, 27, 4);
INSERT INTO move (id_figure, move_x, move_y, movement_id, sort) VALUES (4, 4, 4, 2, 4);
INSERT INTO move (id_figure, move_x, move_y, movement_id, sort) VALUES (10, 4, 4, 24, 4);
INSERT INTO move (id_figure, move_x, move_y, movement_id, sort) VALUES (5, 4, 4, 18, 4);
INSERT INTO move (id_figure, move_x, move_y, movement_id, sort) VALUES (2, 4, 0, 8, 4);
INSERT INTO move (id_figure, move_x, move_y, movement_id, sort) VALUES (5, 4, 0, 17, 4);
INSERT INTO move (id_figure, move_x, move_y, movement_id, sort) VALUES (11, 4, 0, 30, 4);
INSERT INTO move (id_figure, move_x, move_y, movement_id, sort) VALUES (8, 4, 0, 18, 4);
INSERT INTO move (id_figure, move_x, move_y, movement_id, sort) VALUES (5, 4, -4, 16, 4);
INSERT INTO move (id_figure, move_x, move_y, movement_id, sort) VALUES (4, 4, -4, 3, 4);
INSERT INTO move (id_figure, move_x, move_y, movement_id, sort) VALUES (11, 4, -4, 26, 4);
INSERT INTO move (id_figure, move_x, move_y, movement_id, sort) VALUES (10, 4, -4, 25, 4);
INSERT INTO move (id_figure, move_x, move_y, movement_id, sort) VALUES (11, 3, 3, 27, 3);
INSERT INTO move (id_figure, move_x, move_y, movement_id, sort) VALUES (5, 3, 3, 18, 3);
INSERT INTO move (id_figure, move_x, move_y, movement_id, sort) VALUES (10, 3, 3, 24, 3);
INSERT INTO move (id_figure, move_x, move_y, movement_id, sort) VALUES (4, 3, 3, 2, 3);
INSERT INTO move (id_figure, move_x, move_y, movement_id, sort) VALUES (2, 3, 0, 8, 3);
INSERT INTO move (id_figure, move_x, move_y, movement_id, sort) VALUES (5, 3, 0, 17, 3);
INSERT INTO move (id_figure, move_x, move_y, movement_id, sort) VALUES (11, 3, 0, 30, 3);
INSERT INTO move (id_figure, move_x, move_y, movement_id, sort) VALUES (8, 3, 0, 18, 3);
INSERT INTO move (id_figure, move_x, move_y, movement_id, sort) VALUES (10, 3, -3, 25, 3);
INSERT INTO move (id_figure, move_x, move_y, movement_id, sort) VALUES (5, 3, -3, 16, 3);
INSERT INTO move (id_figure, move_x, move_y, movement_id, sort) VALUES (4, 3, -3, 3, 3);
INSERT INTO move (id_figure, move_x, move_y, movement_id, sort) VALUES (11, 3, -3, 26, 3);
INSERT INTO move (id_figure, move_x, move_y, movement_id, sort) VALUES (11, 2, 2, 27, 2);
INSERT INTO move (id_figure, move_x, move_y, movement_id, sort) VALUES (5, 2, 2, 18, 2);
INSERT INTO move (id_figure, move_x, move_y, movement_id, sort) VALUES (10, 2, 2, 24, 2);
INSERT INTO move (id_figure, move_x, move_y, movement_id, sort) VALUES (4, 2, 2, 2, 2);
INSERT INTO move (id_figure, move_x, move_y, movement_id, sort) VALUES (3, 2, 1, NULL, NULL);
INSERT INTO move (id_figure, move_x, move_y, movement_id, sort) VALUES (9, 2, 1, NULL, NULL);
INSERT INTO move (id_figure, move_x, move_y, movement_id, sort) VALUES (11, 2, 0, 30, 2);
INSERT INTO move (id_figure, move_x, move_y, movement_id, sort) VALUES (8, 2, 0, 18, 2);
INSERT INTO move (id_figure, move_x, move_y, movement_id, sort) VALUES (5, 2, 0, 17, 2);
INSERT INTO move (id_figure, move_x, move_y, movement_id, sort) VALUES (2, 2, 0, 8, 2);
INSERT INTO move (id_figure, move_x, move_y, movement_id, sort) VALUES (9, 2, -1, NULL, NULL);
INSERT INTO move (id_figure, move_x, move_y, movement_id, sort) VALUES (3, 2, -1, NULL, NULL);
INSERT INTO move (id_figure, move_x, move_y, movement_id, sort) VALUES (11, 2, -2, 26, 2);
INSERT INTO move (id_figure, move_x, move_y, movement_id, sort) VALUES (4, 2, -2, 3, 2);
INSERT INTO move (id_figure, move_x, move_y, movement_id, sort) VALUES (10, 2, -2, 25, 2);
INSERT INTO move (id_figure, move_x, move_y, movement_id, sort) VALUES (5, 2, -2, 16, 2);
INSERT INTO move (id_figure, move_x, move_y, movement_id, sort) VALUES (3, 1, 2, NULL, NULL);
INSERT INTO move (id_figure, move_x, move_y, movement_id, sort) VALUES (9, 1, 2, NULL, NULL);
INSERT INTO move (id_figure, move_x, move_y, movement_id, sort) VALUES (12, 1, 1, NULL, NULL);
INSERT INTO move (id_figure, move_x, move_y, movement_id, sort) VALUES (10, 1, 1, 24, 1);
INSERT INTO move (id_figure, move_x, move_y, movement_id, sort) VALUES (6, 1, 1, NULL, NULL);
INSERT INTO move (id_figure, move_x, move_y, movement_id, sort) VALUES (4, 1, 1, 2, 1);
INSERT INTO move (id_figure, move_x, move_y, movement_id, sort) VALUES (5, 1, 1, 18, 1);
INSERT INTO move (id_figure, move_x, move_y, movement_id, sort) VALUES (11, 1, 1, 27, 1);
INSERT INTO move (id_figure, move_x, move_y, movement_id, sort) VALUES (12, 1, 0, NULL, NULL);
INSERT INTO move (id_figure, move_x, move_y, movement_id, sort) VALUES (11, 1, 0, 30, 1);
INSERT INTO move (id_figure, move_x, move_y, movement_id, sort) VALUES (8, 1, 0, 18, 1);
INSERT INTO move (id_figure, move_x, move_y, movement_id, sort) VALUES (2, 1, 0, 8, 1);
INSERT INTO move (id_figure, move_x, move_y, movement_id, sort) VALUES (5, 1, 0, 17, 1);
INSERT INTO move (id_figure, move_x, move_y, movement_id, sort) VALUES (6, 1, 0, NULL, NULL);
INSERT INTO move (id_figure, move_x, move_y, movement_id, sort) VALUES (12, 1, -1, NULL, NULL);
INSERT INTO move (id_figure, move_x, move_y, movement_id, sort) VALUES (6, 1, -1, NULL, NULL);
INSERT INTO move (id_figure, move_x, move_y, movement_id, sort) VALUES (11, 1, -1, 26, 1);
INSERT INTO move (id_figure, move_x, move_y, movement_id, sort) VALUES (5, 1, -1, 16, 1);
INSERT INTO move (id_figure, move_x, move_y, movement_id, sort) VALUES (10, 1, -1, 25, 1);
INSERT INTO move (id_figure, move_x, move_y, movement_id, sort) VALUES (4, 1, -1, 3, 1);
INSERT INTO move (id_figure, move_x, move_y, movement_id, sort) VALUES (9, 1, -2, NULL, NULL);
INSERT INTO move (id_figure, move_x, move_y, movement_id, sort) VALUES (3, 1, -2, NULL, NULL);
INSERT INTO move (id_figure, move_x, move_y, movement_id, sort) VALUES (11, 0, 8, 33, 8);
INSERT INTO move (id_figure, move_x, move_y, movement_id, sort) VALUES (5, 0, 8, 13, 8);
INSERT INTO move (id_figure, move_x, move_y, movement_id, sort) VALUES (8, 0, 8, 20, 8);
INSERT INTO move (id_figure, move_x, move_y, movement_id, sort) VALUES (2, 0, 8, 7, 8);
INSERT INTO move (id_figure, move_x, move_y, movement_id, sort) VALUES (2, 0, 7, 7, 7);
INSERT INTO move (id_figure, move_x, move_y, movement_id, sort) VALUES (5, 0, 7, 13, 7);
INSERT INTO move (id_figure, move_x, move_y, movement_id, sort) VALUES (11, 0, 7, 33, 7);
INSERT INTO move (id_figure, move_x, move_y, movement_id, sort) VALUES (8, 0, 7, 20, 7);
INSERT INTO move (id_figure, move_x, move_y, movement_id, sort) VALUES (11, 0, 6, 33, 6);
INSERT INTO move (id_figure, move_x, move_y, movement_id, sort) VALUES (5, 0, 6, 13, 6);
INSERT INTO move (id_figure, move_x, move_y, movement_id, sort) VALUES (8, 0, 6, 20, 6);
INSERT INTO move (id_figure, move_x, move_y, movement_id, sort) VALUES (2, 0, 6, 7, 6);
INSERT INTO move (id_figure, move_x, move_y, movement_id, sort) VALUES (11, 0, 5, 33, 5);
INSERT INTO move (id_figure, move_x, move_y, movement_id, sort) VALUES (8, 0, 5, 20, 5);
INSERT INTO move (id_figure, move_x, move_y, movement_id, sort) VALUES (5, 0, 5, 13, 5);
INSERT INTO move (id_figure, move_x, move_y, movement_id, sort) VALUES (2, 0, 5, 7, 5);
INSERT INTO move (id_figure, move_x, move_y, movement_id, sort) VALUES (11, 0, 4, 33, 4);
INSERT INTO move (id_figure, move_x, move_y, movement_id, sort) VALUES (2, 0, 4, 7, 4);
INSERT INTO move (id_figure, move_x, move_y, movement_id, sort) VALUES (5, 0, 4, 13, 4);
INSERT INTO move (id_figure, move_x, move_y, movement_id, sort) VALUES (8, 0, 4, 20, 4);
INSERT INTO move (id_figure, move_x, move_y, movement_id, sort) VALUES (11, 0, 3, 33, 3);
INSERT INTO move (id_figure, move_x, move_y, movement_id, sort) VALUES (8, 0, 3, 20, 3);
INSERT INTO move (id_figure, move_x, move_y, movement_id, sort) VALUES (5, 0, 3, 13, 3);
INSERT INTO move (id_figure, move_x, move_y, movement_id, sort) VALUES (2, 0, 3, 7, 3);
INSERT INTO move (id_figure, move_x, move_y, movement_id, sort) VALUES (2, 0, 2, 7, 2);
INSERT INTO move (id_figure, move_x, move_y, movement_id, sort) VALUES (8, 0, 2, 20, 2);
INSERT INTO move (id_figure, move_x, move_y, movement_id, sort) VALUES (11, 0, 2, 33, 2);
INSERT INTO move (id_figure, move_x, move_y, movement_id, sort) VALUES (5, 0, 2, 13, 2);
INSERT INTO move (id_figure, move_x, move_y, movement_id, sort) VALUES (5, 0, 1, 13, 1);
INSERT INTO move (id_figure, move_x, move_y, movement_id, sort) VALUES (1, 0, 1, NULL, NULL);
INSERT INTO move (id_figure, move_x, move_y, movement_id, sort) VALUES (6, 0, 1, NULL, NULL);
INSERT INTO move (id_figure, move_x, move_y, movement_id, sort) VALUES (8, 0, 1, 20, 1);
INSERT INTO move (id_figure, move_x, move_y, movement_id, sort) VALUES (12, 0, 1, NULL, NULL);
INSERT INTO move (id_figure, move_x, move_y, movement_id, sort) VALUES (2, 0, 1, 7, 1);
INSERT INTO move (id_figure, move_x, move_y, movement_id, sort) VALUES (11, 0, 1, 33, 1);
INSERT INTO move (id_figure, move_x, move_y, movement_id, sort) VALUES (11, 0, -1, 32, 1);
INSERT INTO move (id_figure, move_x, move_y, movement_id, sort) VALUES (7, 0, -1, NULL, NULL);
INSERT INTO move (id_figure, move_x, move_y, movement_id, sort) VALUES (2, 0, -1, 6, 1);
INSERT INTO move (id_figure, move_x, move_y, movement_id, sort) VALUES (8, 0, -1, 21, 1);
INSERT INTO move (id_figure, move_x, move_y, movement_id, sort) VALUES (6, 0, -1, NULL, NULL);
INSERT INTO move (id_figure, move_x, move_y, movement_id, sort) VALUES (12, 0, -1, NULL, NULL);
INSERT INTO move (id_figure, move_x, move_y, movement_id, sort) VALUES (5, 0, -1, 12, 1);
INSERT INTO move (id_figure, move_x, move_y, movement_id, sort) VALUES (8, 0, -2, 21, 2);
INSERT INTO move (id_figure, move_x, move_y, movement_id, sort) VALUES (5, 0, -2, 12, 2);
INSERT INTO move (id_figure, move_x, move_y, movement_id, sort) VALUES (2, 0, -2, 6, 2);
INSERT INTO move (id_figure, move_x, move_y, movement_id, sort) VALUES (11, 0, -2, 32, 2);
INSERT INTO move (id_figure, move_x, move_y, movement_id, sort) VALUES (8, 0, -3, 21, 3);
INSERT INTO move (id_figure, move_x, move_y, movement_id, sort) VALUES (5, 0, -3, 12, 3);
INSERT INTO move (id_figure, move_x, move_y, movement_id, sort) VALUES (11, 0, -3, 32, 3);
INSERT INTO move (id_figure, move_x, move_y, movement_id, sort) VALUES (2, 0, -3, 6, 3);
INSERT INTO move (id_figure, move_x, move_y, movement_id, sort) VALUES (2, 0, -4, 6, 4);
INSERT INTO move (id_figure, move_x, move_y, movement_id, sort) VALUES (11, 0, -4, 32, 4);
INSERT INTO move (id_figure, move_x, move_y, movement_id, sort) VALUES (8, 0, -4, 21, 4);
INSERT INTO move (id_figure, move_x, move_y, movement_id, sort) VALUES (5, 0, -4, 12, 4);
INSERT INTO move (id_figure, move_x, move_y, movement_id, sort) VALUES (8, 0, -5, 21, 5);
INSERT INTO move (id_figure, move_x, move_y, movement_id, sort) VALUES (2, 0, -5, 6, 5);
INSERT INTO move (id_figure, move_x, move_y, movement_id, sort) VALUES (5, 0, -5, 12, 5);
INSERT INTO move (id_figure, move_x, move_y, movement_id, sort) VALUES (11, 0, -5, 32, 5);
INSERT INTO move (id_figure, move_x, move_y, movement_id, sort) VALUES (5, 0, -6, 12, 6);
INSERT INTO move (id_figure, move_x, move_y, movement_id, sort) VALUES (8, 0, -6, 21, 6);
INSERT INTO move (id_figure, move_x, move_y, movement_id, sort) VALUES (2, 0, -6, 6, 6);
INSERT INTO move (id_figure, move_x, move_y, movement_id, sort) VALUES (11, 0, -6, 32, 6);
INSERT INTO move (id_figure, move_x, move_y, movement_id, sort) VALUES (2, 0, -7, 6, 7);
INSERT INTO move (id_figure, move_x, move_y, movement_id, sort) VALUES (8, 0, -7, 21, 7);
INSERT INTO move (id_figure, move_x, move_y, movement_id, sort) VALUES (5, 0, -7, 12, 7);
INSERT INTO move (id_figure, move_x, move_y, movement_id, sort) VALUES (11, 0, -7, 32, 7);
INSERT INTO move (id_figure, move_x, move_y, movement_id, sort) VALUES (2, 0, -8, 6, 8);
INSERT INTO move (id_figure, move_x, move_y, movement_id, sort) VALUES (8, 0, -8, 21, 8);
INSERT INTO move (id_figure, move_x, move_y, movement_id, sort) VALUES (11, 0, -8, 32, 8);
INSERT INTO move (id_figure, move_x, move_y, movement_id, sort) VALUES (5, 0, -8, 12, 8);
INSERT INTO move (id_figure, move_x, move_y, movement_id, sort) VALUES (9, -1, 2, NULL, NULL);
INSERT INTO move (id_figure, move_x, move_y, movement_id, sort) VALUES (3, -1, 2, NULL, NULL);
INSERT INTO move (id_figure, move_x, move_y, movement_id, sort) VALUES (4, -1, 1, 4, 1);
INSERT INTO move (id_figure, move_x, move_y, movement_id, sort) VALUES (11, -1, 1, 29, 1);
INSERT INTO move (id_figure, move_x, move_y, movement_id, sort) VALUES (5, -1, 1, 11, 1);
INSERT INTO move (id_figure, move_x, move_y, movement_id, sort) VALUES (12, -1, 1, NULL, NULL);
INSERT INTO move (id_figure, move_x, move_y, movement_id, sort) VALUES (10, -1, 1, 23, 1);
INSERT INTO move (id_figure, move_x, move_y, movement_id, sort) VALUES (6, -1, 1, NULL, NULL);
INSERT INTO move (id_figure, move_x, move_y, movement_id, sort) VALUES (12, -1, 0, NULL, NULL);
INSERT INTO move (id_figure, move_x, move_y, movement_id, sort) VALUES (2, -1, 0, 5, 1);
INSERT INTO move (id_figure, move_x, move_y, movement_id, sort) VALUES (11, -1, 0, 31, 1);
INSERT INTO move (id_figure, move_x, move_y, movement_id, sort) VALUES (5, -1, 0, 10, 1);
INSERT INTO move (id_figure, move_x, move_y, movement_id, sort) VALUES (8, -1, 0, 19, 1);
INSERT INTO move (id_figure, move_x, move_y, movement_id, sort) VALUES (6, -1, 0, NULL, NULL);
INSERT INTO move (id_figure, move_x, move_y, movement_id, sort) VALUES (11, -1, -1, 28, 1);
INSERT INTO move (id_figure, move_x, move_y, movement_id, sort) VALUES (5, -1, -1, 9, 1);
INSERT INTO move (id_figure, move_x, move_y, movement_id, sort) VALUES (10, -1, -1, 22, 1);
INSERT INTO move (id_figure, move_x, move_y, movement_id, sort) VALUES (6, -1, -1, NULL, NULL);
INSERT INTO move (id_figure, move_x, move_y, movement_id, sort) VALUES (4, -1, -1, 1, 1);
INSERT INTO move (id_figure, move_x, move_y, movement_id, sort) VALUES (12, -1, -1, NULL, NULL);
INSERT INTO move (id_figure, move_x, move_y, movement_id, sort) VALUES (3, -1, -2, NULL, NULL);
INSERT INTO move (id_figure, move_x, move_y, movement_id, sort) VALUES (9, -1, -2, NULL, NULL);
INSERT INTO move (id_figure, move_x, move_y, movement_id, sort) VALUES (5, -2, 2, 11, 2);
INSERT INTO move (id_figure, move_x, move_y, movement_id, sort) VALUES (4, -2, 2, 4, 2);
INSERT INTO move (id_figure, move_x, move_y, movement_id, sort) VALUES (10, -2, 2, 23, 2);
INSERT INTO move (id_figure, move_x, move_y, movement_id, sort) VALUES (11, -2, 2, 29, 2);
INSERT INTO move (id_figure, move_x, move_y, movement_id, sort) VALUES (3, -2, 1, NULL, NULL);
INSERT INTO move (id_figure, move_x, move_y, movement_id, sort) VALUES (9, -2, 1, NULL, NULL);
INSERT INTO move (id_figure, move_x, move_y, movement_id, sort) VALUES (11, -2, 0, 31, 2);
INSERT INTO move (id_figure, move_x, move_y, movement_id, sort) VALUES (8, -2, 0, 19, 2);
INSERT INTO move (id_figure, move_x, move_y, movement_id, sort) VALUES (5, -2, 0, 10, 2);
INSERT INTO move (id_figure, move_x, move_y, movement_id, sort) VALUES (2, -2, 0, 5, 2);
INSERT INTO move (id_figure, move_x, move_y, movement_id, sort) VALUES (9, -2, -1, NULL, NULL);
INSERT INTO move (id_figure, move_x, move_y, movement_id, sort) VALUES (3, -2, -1, NULL, NULL);
INSERT INTO move (id_figure, move_x, move_y, movement_id, sort) VALUES (11, -2, -2, 28, 2);
INSERT INTO move (id_figure, move_x, move_y, movement_id, sort) VALUES (10, -2, -2, 22, 2);
INSERT INTO move (id_figure, move_x, move_y, movement_id, sort) VALUES (5, -2, -2, 9, 2);
INSERT INTO move (id_figure, move_x, move_y, movement_id, sort) VALUES (4, -2, -2, 1, 2);
INSERT INTO move (id_figure, move_x, move_y, movement_id, sort) VALUES (11, -3, 3, 29, 3);
INSERT INTO move (id_figure, move_x, move_y, movement_id, sort) VALUES (5, -3, 3, 11, 3);
INSERT INTO move (id_figure, move_x, move_y, movement_id, sort) VALUES (4, -3, 3, 4, 3);
INSERT INTO move (id_figure, move_x, move_y, movement_id, sort) VALUES (10, -3, 3, 23, 3);
INSERT INTO move (id_figure, move_x, move_y, movement_id, sort) VALUES (8, -3, 0, 19, 3);
INSERT INTO move (id_figure, move_x, move_y, movement_id, sort) VALUES (2, -3, 0, 5, 3);
INSERT INTO move (id_figure, move_x, move_y, movement_id, sort) VALUES (11, -3, 0, 31, 3);
INSERT INTO move (id_figure, move_x, move_y, movement_id, sort) VALUES (5, -3, 0, 10, 3);
INSERT INTO move (id_figure, move_x, move_y, movement_id, sort) VALUES (5, -3, -3, 9, 3);
INSERT INTO move (id_figure, move_x, move_y, movement_id, sort) VALUES (4, -3, -3, 1, 3);
INSERT INTO move (id_figure, move_x, move_y, movement_id, sort) VALUES (10, -3, -3, 22, 3);
INSERT INTO move (id_figure, move_x, move_y, movement_id, sort) VALUES (11, -3, -3, 28, 3);
INSERT INTO move (id_figure, move_x, move_y, movement_id, sort) VALUES (4, -4, 4, 4, 4);
INSERT INTO move (id_figure, move_x, move_y, movement_id, sort) VALUES (10, -4, 4, 23, 4);
INSERT INTO move (id_figure, move_x, move_y, movement_id, sort) VALUES (5, -4, 4, 11, 4);
INSERT INTO move (id_figure, move_x, move_y, movement_id, sort) VALUES (11, -4, 4, 29, 4);
INSERT INTO move (id_figure, move_x, move_y, movement_id, sort) VALUES (5, -4, 0, 10, 4);
INSERT INTO move (id_figure, move_x, move_y, movement_id, sort) VALUES (8, -4, 0, 19, 4);
INSERT INTO move (id_figure, move_x, move_y, movement_id, sort) VALUES (2, -4, 0, 5, 4);
INSERT INTO move (id_figure, move_x, move_y, movement_id, sort) VALUES (11, -4, 0, 31, 4);
INSERT INTO move (id_figure, move_x, move_y, movement_id, sort) VALUES (5, -4, -4, 9, 4);
INSERT INTO move (id_figure, move_x, move_y, movement_id, sort) VALUES (10, -4, -4, 22, 4);
INSERT INTO move (id_figure, move_x, move_y, movement_id, sort) VALUES (4, -4, -4, 1, 4);
INSERT INTO move (id_figure, move_x, move_y, movement_id, sort) VALUES (11, -4, -4, 28, 4);
INSERT INTO move (id_figure, move_x, move_y, movement_id, sort) VALUES (11, -5, 5, 29, 5);
INSERT INTO move (id_figure, move_x, move_y, movement_id, sort) VALUES (4, -5, 5, 4, 5);
INSERT INTO move (id_figure, move_x, move_y, movement_id, sort) VALUES (10, -5, 5, 23, 5);
INSERT INTO move (id_figure, move_x, move_y, movement_id, sort) VALUES (5, -5, 5, 11, 5);
INSERT INTO move (id_figure, move_x, move_y, movement_id, sort) VALUES (5, -5, 0, 10, 5);
INSERT INTO move (id_figure, move_x, move_y, movement_id, sort) VALUES (8, -5, 0, 19, 5);
INSERT INTO move (id_figure, move_x, move_y, movement_id, sort) VALUES (2, -5, 0, 5, 5);
INSERT INTO move (id_figure, move_x, move_y, movement_id, sort) VALUES (11, -5, 0, 31, 5);
INSERT INTO move (id_figure, move_x, move_y, movement_id, sort) VALUES (4, -5, -5, 1, 5);
INSERT INTO move (id_figure, move_x, move_y, movement_id, sort) VALUES (11, -5, -5, 28, 5);
INSERT INTO move (id_figure, move_x, move_y, movement_id, sort) VALUES (5, -5, -5, 9, 5);
INSERT INTO move (id_figure, move_x, move_y, movement_id, sort) VALUES (10, -5, -5, 22, 5);
INSERT INTO move (id_figure, move_x, move_y, movement_id, sort) VALUES (4, -6, 6, 4, 6);
INSERT INTO move (id_figure, move_x, move_y, movement_id, sort) VALUES (5, -6, 6, 11, 6);
INSERT INTO move (id_figure, move_x, move_y, movement_id, sort) VALUES (11, -6, 6, 29, 6);
INSERT INTO move (id_figure, move_x, move_y, movement_id, sort) VALUES (10, -6, 6, 23, 6);
INSERT INTO move (id_figure, move_x, move_y, movement_id, sort) VALUES (2, -6, 0, 5, 6);
INSERT INTO move (id_figure, move_x, move_y, movement_id, sort) VALUES (8, -6, 0, 19, 6);
INSERT INTO move (id_figure, move_x, move_y, movement_id, sort) VALUES (5, -6, 0, 10, 6);
INSERT INTO move (id_figure, move_x, move_y, movement_id, sort) VALUES (11, -6, 0, 31, 6);
INSERT INTO move (id_figure, move_x, move_y, movement_id, sort) VALUES (11, -6, -6, 28, 6);
INSERT INTO move (id_figure, move_x, move_y, movement_id, sort) VALUES (10, -6, -6, 22, 6);
INSERT INTO move (id_figure, move_x, move_y, movement_id, sort) VALUES (4, -6, -6, 1, 6);
INSERT INTO move (id_figure, move_x, move_y, movement_id, sort) VALUES (5, -6, -6, 9, 6);
INSERT INTO move (id_figure, move_x, move_y, movement_id, sort) VALUES (11, -7, 7, 29, 7);
INSERT INTO move (id_figure, move_x, move_y, movement_id, sort) VALUES (5, -7, 7, 9, 7);
INSERT INTO move (id_figure, move_x, move_y, movement_id, sort) VALUES (4, -7, 7, 4, 7);
INSERT INTO move (id_figure, move_x, move_y, movement_id, sort) VALUES (10, -7, 7, 23, 7);
INSERT INTO move (id_figure, move_x, move_y, movement_id, sort) VALUES (8, -7, 0, 19, 7);
INSERT INTO move (id_figure, move_x, move_y, movement_id, sort) VALUES (5, -7, 0, 10, 7);
INSERT INTO move (id_figure, move_x, move_y, movement_id, sort) VALUES (11, -7, 0, 31, 7);
INSERT INTO move (id_figure, move_x, move_y, movement_id, sort) VALUES (2, -7, 0, 5, 7);
INSERT INTO move (id_figure, move_x, move_y, movement_id, sort) VALUES (5, -7, -7, 9, 7);
INSERT INTO move (id_figure, move_x, move_y, movement_id, sort) VALUES (4, -7, -7, 1, 7);
INSERT INTO move (id_figure, move_x, move_y, movement_id, sort) VALUES (11, -7, -7, 28, 7);
INSERT INTO move (id_figure, move_x, move_y, movement_id, sort) VALUES (10, -7, -7, 22, 7);
INSERT INTO move (id_figure, move_x, move_y, movement_id, sort) VALUES (5, -8, 8, 11, 8);
INSERT INTO move (id_figure, move_x, move_y, movement_id, sort) VALUES (10, -8, 8, 23, 8);
INSERT INTO move (id_figure, move_x, move_y, movement_id, sort) VALUES (4, -8, 8, 4, 8);
INSERT INTO move (id_figure, move_x, move_y, movement_id, sort) VALUES (11, -8, 8, 29, 8);
INSERT INTO move (id_figure, move_x, move_y, movement_id, sort) VALUES (5, -8, 0, 10, 8);
INSERT INTO move (id_figure, move_x, move_y, movement_id, sort) VALUES (2, -8, 0, 5, 8);
INSERT INTO move (id_figure, move_x, move_y, movement_id, sort) VALUES (11, -8, 0, 31, 8);
INSERT INTO move (id_figure, move_x, move_y, movement_id, sort) VALUES (8, -8, 0, 19, 8);
INSERT INTO move (id_figure, move_x, move_y, movement_id, sort) VALUES (5, -8, -8, 9, 8);
INSERT INTO move (id_figure, move_x, move_y, movement_id, sort) VALUES (10, -8, -8, 22, 8);
INSERT INTO move (id_figure, move_x, move_y, movement_id, sort) VALUES (4, -8, -8, 1, 8);
INSERT INTO move (id_figure, move_x, move_y, movement_id, sort) VALUES (11, -8, -8, 28, 8);

-- Table: clear_chess_desc
CREATE TABLE `clear_chess_desc` (
	`x` INT(11) NULL DEFAULT NULL,
	`y` INT(11) NULL DEFAULT NULL,
	`id_figure` INT(11) NULL DEFAULT NULL,
	`id` INTEGER 
	
);
INSERT INTO clear_chess_desc (x, y, id_figure, id) VALUES (1, 2, 1, 1);
INSERT INTO clear_chess_desc (x, y, id_figure, id) VALUES (2, 2, 1, 2);
INSERT INTO clear_chess_desc (x, y, id_figure, id) VALUES (3, 2, 1, 3);
INSERT INTO clear_chess_desc (x, y, id_figure, id) VALUES (4, 2, 1, 4);
INSERT INTO clear_chess_desc (x, y, id_figure, id) VALUES (5, 2, 1, 5);
INSERT INTO clear_chess_desc (x, y, id_figure, id) VALUES (6, 2, 1, 6);
INSERT INTO clear_chess_desc (x, y, id_figure, id) VALUES (7, 2, 1, 7);
INSERT INTO clear_chess_desc (x, y, id_figure, id) VALUES (8, 2, 1, 8);
INSERT INTO clear_chess_desc (x, y, id_figure, id) VALUES (1, 1, 2, 9);
INSERT INTO clear_chess_desc (x, y, id_figure, id) VALUES (8, 1, 2, 10);
INSERT INTO clear_chess_desc (x, y, id_figure, id) VALUES (2, 1, 3, 11);
INSERT INTO clear_chess_desc (x, y, id_figure, id) VALUES (7, 1, 3, 12);
INSERT INTO clear_chess_desc (x, y, id_figure, id) VALUES (4, 1, 6, 13);
INSERT INTO clear_chess_desc (x, y, id_figure, id) VALUES (5, 1, 5, 14);
INSERT INTO clear_chess_desc (x, y, id_figure, id) VALUES (3, 1, 4, 15);
INSERT INTO clear_chess_desc (x, y, id_figure, id) VALUES (6, 1, 4, 16);
INSERT INTO clear_chess_desc (x, y, id_figure, id) VALUES (1, 7, 7, 17);
INSERT INTO clear_chess_desc (x, y, id_figure, id) VALUES (2, 7, 7, 18);
INSERT INTO clear_chess_desc (x, y, id_figure, id) VALUES (3, 7, 7, 19);
INSERT INTO clear_chess_desc (x, y, id_figure, id) VALUES (4, 7, 7, 20);
INSERT INTO clear_chess_desc (x, y, id_figure, id) VALUES (5, 7, 7, 21);
INSERT INTO clear_chess_desc (x, y, id_figure, id) VALUES (6, 7, 7, 22);
INSERT INTO clear_chess_desc (x, y, id_figure, id) VALUES (7, 7, 7, 23);
INSERT INTO clear_chess_desc (x, y, id_figure, id) VALUES (8, 7, 7, 24);
INSERT INTO clear_chess_desc (x, y, id_figure, id) VALUES (1, 8, 8, 25);
INSERT INTO clear_chess_desc (x, y, id_figure, id) VALUES (8, 8, 8, 26);
INSERT INTO clear_chess_desc (x, y, id_figure, id) VALUES (2, 8, 9, 27);
INSERT INTO clear_chess_desc (x, y, id_figure, id) VALUES (7, 8, 9, 28);
INSERT INTO clear_chess_desc (x, y, id_figure, id) VALUES (3, 8, 10, 29);
INSERT INTO clear_chess_desc (x, y, id_figure, id) VALUES (6, 8, 10, 30);
INSERT INTO clear_chess_desc (x, y, id_figure, id) VALUES (4, 8, 12, 31);
INSERT INTO clear_chess_desc (x, y, id_figure, id) VALUES (5, 8, 11, 32);

COMMIT TRANSACTION;
PRAGMA foreign_keys = on;
